date,post_id,rubric,prompt,path
2026-04-16,AL-16.04-15-04-BAKERY-CinnamonKnot,"BAKERY, NARRATIVE","High-end fashion editorial photography, a close-up shot of a perfectly twisted cinnamon knot pastry on a minimalist dark ceramic plate. Heavy dusting of pearl sugar, glistening caramel edges. The background is a blurry, moody Baltic kitchen with soft, natural morning light from a large window. Heavy film grain, shot on 35mm film Kodak Portra 800, Dazed magazine aesthetic, moody lighting, no text, no logos --ar 1:1 --v 6.1 --style raw --s 750",02_CONTENT/2026/04/16/AL-16.04-15-04-BAKERY-CinnamonKnot.md
2026-04-16,AL-16.04-18-02-SOURCE-Grimm,"SOURCE, MYTH","High-end fashion editorial photography, a mysterious and dark gingerbread house made of deep brown cake and glistening white icing, half-hidden in a thick, eerie forest fog. Moody lighting, cinematic shadows, heavy film grain. No people, no text, no logos. Shot on 35mm film Kodak Portra 800, Dazed magazine aesthetic --ar 1:1 --v 6.1 --style raw --s 750",02_CONTENT/2026/04/16/AL-16.04-18-02-SOURCE-Grimm.md
2026-04-17,AL-17.04-10-00-BAKERY-Medovik,"BAKERY, PATISSERIE","High-end fashion editorial photography, a slice of a multilayered honey cake (Medovik) showing 12 perfect thin layers. Deep amber honey dripping from the side. Minimalist setting, dark wooden table, soft morning light hitting the textures of the cream. Heavy film grain, shot on 35mm film Kodak Portra 800, Dazed magazine aesthetic, no text, no logos --ar 1:1 --v 6.1 --style raw --s 750",02_CONTENT/2026/04/17/AL-17.04-10-00-BAKERY-Medovik.md
2026-04-17,AL-17.04-18-02-CHRONOS-Beltain,"CHRONOS, RITUAL","High-end fashion editorial photography, a distant bonfire seen through a thick blue twilight mist on a rocky northern shore. Moody lighting, cinematic shadows, heavy film grain. Ethereal and mysterious atmosphere. No people, no text, no logos. Shot on 35mm film Kodak Portra 800, Dazed magazine aesthetic --ar 1:1 --v 6.1 --style raw --s 750",02_CONTENT/2026/04/17/AL-17.04-18-02-CHRONOS-Beltain.md
2026-04-18,AL-18.04-12-00-BAKERY-BlueberryTart,"BAKERY, PATISSERIE","High-end fashion editorial photography, a whole blueberry tart with intense dark purple berries and a creamy swirl. Crust is perfectly golden and crimped. Deep shadows, moody atmosphere of a northern café. Soft window light reflecting on the berry juice. Heavy film grain, shot on 35mm film Kodak Portra 800, Dazed magazine aesthetic, no text, no logos --ar 1:1 --v 6.1 --style raw --s 750",02_CONTENT/2026/04/18/AL-18.04-12-00-BAKERY-BlueberryTart.md
2026-04-18,AL-18.04-21-00-LORE-EternalOrnament,"LORE, SYMBOL","High-end fashion editorial photography, extreme macro shot of an ancient woven fabric with a complex geometric pattern in white and deep red. Frayed edges, visible texture of natural linen threads. Moody lighting with dramatic shadows, heavy film grain. Sense of ancient history and cosmic mystery. No text, no logos. Shot on 35mm film Kodak Portra 800, Dazed magazine aesthetic --ar 1:1 --v 6.1 --style raw --s 750",02_CONTENT/2026/04/18/AL-18.04-21-00-LORE-EternalOrnament.md
2026-06-08,AL-08.06-10-04-LORE-Lilith,LORE,"An empty red desert path at dusk with a single dark cloth caught on a thorn bush, deep red and gold tones, ancient dry landscape, no people, no text, no logos, shot on 35mm film Kodak Portra 800",02_CONTENT/2026/06/08/AL-08.06-10-04-LORE-Lilith.md
2026-06-08,AL-08.06-15-04-CAKES-Praga,CAKES,"Cross-section slice of dark chocolate Praga cake on dark plate showing layers of sponge with cream and apricot jam line, glossy dark chocolate glaze on top, biscuit crumbs on sides, soft side window light, no people, no text, no logos, shot on 35mm film Kodak Portra 800",02_CONTENT/2026/06/08/AL-08.06-15-04-CAKES-Praga.md
2026-06-08,AL-08.06-18-02-CHRONOS-Hay-Coumarin,CHRONOS,"Freshly cut hay drying in golden afternoon light on a country field, scattered haystacks in distance, warm summer light, no people, no text, no logos, shot on 35mm film Kodak Portra 800",02_CONTENT/2026/06/08/AL-08.06-18-02-CHRONOS-Hay-Coumarin.md
2026-07-01,AL-01.07-10-04-LORE-Demeter,LORE,"A dry cracked Greek summer field with bare wheat stubble and distant olive trees, harsh midday sun, no people, documentary crop, no text, no logos, shot on 35mm film Kodak Portra 800",02_CONTENT/2026/07/01/AL-01.07-10-04-LORE-Demeter.md
2026-07-01,AL-01.07-15-04-PATISSERIE-Blueberry-Tart,PATISSERIE,"A round blueberry tart on dark wooden board with neatly arranged glossy fresh blueberries on yellow pastry cream, golden crust visible on edges, soft side window light, no people, no text, no logos, shot on 35mm film Kodak Portra 800",02_CONTENT/2026/07/01/AL-01.07-15-04-PATISSERIE-Blueberry-Tart.md
2026-07-01,AL-01.07-18-02-CHRONOS-Pine-Resin,CHRONOS,"Close-up of pine bark with resin droplets glistening in warm midday sun, pine needles soft-focused in background, no people, documentary macro crop, no text, no logos, shot on 35mm film Kodak Portra 800",02_CONTENT/2026/07/01/AL-01.07-18-02-CHRONOS-Pine-Resin.md
2026-07-02,AL-02.07-10-04-SOURCE-Marquez,SOURCE,"A single block of ice melting on dark wooden table in dim Latin American interior, soft afternoon light from window, no people, documentary still life, no text, no logos, shot on 35mm film Kodak Portra 800",02_CONTENT/2026/07/02/AL-02.07-10-04-SOURCE-Marquez.md
2026-07-02,AL-02.07-15-04-CAKES-Shortcake,CAKES,"A classic strawberry shortcake with split biscuit, glossy macerated strawberries spilling out, fluffy whipped cream on top, on dark wooden board with one strawberry beside, soft side window light, no people, no text, no logos, shot on 35mm film Kodak Portra 800",02_CONTENT/2026/07/02/AL-02.07-15-04-CAKES-Shortcake.md
2026-07-02,AL-02.07-18-02-CHRONOS-Light-Loss,CHRONOS,"A western-facing window with sun touching horizon at golden hour, warm summer evening light, no people, documentary interior crop, no text, no logos, shot on 35mm film Kodak Portra 800",02_CONTENT/2026/07/02/AL-02.07-18-02-CHRONOS-Light-Loss.md
2026-07-03,AL-03.07-10-04-DIVINATION-Tarot-Before-Occultism,DIVINATION,"A single worn tarot card back face down on a dark wooden table, one warm side light, frayed paper edges, documentary close crop, no text, no logos, no glow, shot on 35mm film Kodak Portra 800",02_CONTENT/2026/07/03/AL-03.07-10-04-DIVINATION-Tarot-Before-Occultism.md
2026-07-03,AL-03.07-15-04-PATISSERIE-Croissant,PATISSERIE,"A single plain butter croissant broken open on dark stone surface, visible laminated layers and flakes, soft side window light, no plates, no text, no logos, shot on 35mm film Kodak Portra 800",02_CONTENT/2026/07/03/AL-03.07-15-04-PATISSERIE-Croissant.md
2026-07-03,AL-03.07-18-02-CHRONOS-Aphelion-Shadow,CHRONOS,"A pencil standing upright on pale paper near a window, short sharp noon shadow marked with a small graphite line, minimal documentary still life, no text, no logos, shot on 35mm film Kodak Portra 800",02_CONTENT/2026/07/03/AL-03.07-18-02-CHRONOS-Aphelion-Shadow.md
2026-07-04,AL-04.07-10-04-LORE-Dumuzi,LORE,"An empty ancient stone throne in a dark Mesopotamian chamber, a folded pale garment on the seat, single shaft of cold light, dust and clay texture, no people, no text, no logos, shot on 35mm film Kodak Portra 800",02_CONTENT/2026/07/04/AL-04.07-10-04-LORE-Dumuzi.md
2026-07-04,AL-04.07-15-04-PIES-Kulebyaka,PIES,"A sliced savory cabbage kulebyaka on a dark wooden board, visible layered dough, pale cabbage filling and thin pancake separator, steam fading, side window light, no people, no text, no logos, shot on 35mm film Kodak Portra 800",02_CONTENT/2026/07/04/AL-04.07-15-04-PIES-Kulebyaka.md
2026-07-04,AL-04.07-18-02-HERITAGE-Herb-Window,HERITAGE,"A small bundle of freshly cut wild herbs drying on unbleached linen in side evening light, close documentary crop, visible stems and flower heads, no hands, no text, no logos, shot on 35mm film Kodak Portra 800",02_CONTENT/2026/07/04/AL-04.07-18-02-HERITAGE-Herb-Window.md
2026-07-05,AL-05.07-10-04-FRAGMENT-Old-Key,FRAGMENT,"An old iron key lying inside a worn tea tin beside one dark button and a bent pin, close documentary crop, soft morning side light, no text, no logos, shot on 35mm film Kodak Portra 800",02_CONTENT/2026/07/05/AL-05.07-10-04-FRAGMENT-Old-Key.md
2026-07-05,AL-05.07-15-04-LISTS-Early-July-Smells,LISTS,"Four small early July objects on a dark wooden table, a pinch of dry hay, a pine twig with resin, a crushed blackcurrant leaf, and a few dark berries in side afternoon light, no text, no logos, shot on 35mm film Kodak Portra 800",02_CONTENT/2026/07/05/AL-05.07-15-04-LISTS-Early-July-Smells.md
2026-07-05,AL-05.07-18-02-CALENDAR-Two-Midsummer-Dates,CALENDAR,"Two small unlit beeswax candles on a plain table with a bowl of water and a loose ring of summer herbs between them, quiet evening side light, no people, no text, no logos, shot on 35mm film Kodak Portra 800",02_CONTENT/2026/07/05/AL-05.07-18-02-CALENDAR-Two-Midsummer-Dates.md
2026-07-06,AL-06.07-10-04-DIVINATION-Midsummer-Oracles,DIVINATION,"A handmade wreath of summer herbs floating near the edge of dark still water at dusk, one small reflection of firelight, documentary close crop, no people, no text, no logos, shot on 35mm film Kodak Portra 800",02_CONTENT/2026/07/06/AL-06.07-10-04-DIVINATION-Midsummer-Oracles.md
2026-07-06,AL-06.07-15-04-FLATBREAD-Injera,FLATBREAD,"A large round injera spread on a simple dark table with visible porous eyes and one small edge folded back, soft side window light, no hands, no text, no logos, shot on 35mm film Kodak Portra 800",02_CONTENT/2026/07/06/AL-06.07-15-04-FLATBREAD-Injera.md
2026-07-06,AL-06.07-18-02-CHRONOS-Warm-Evening,CHRONOS,"A warm stone windowsill at late summer evening with low amber light touching its edge, quiet documentary close crop, no people, no text, no logos, shot on 35mm film Kodak Portra 800",02_CONTENT/2026/07/06/AL-06.07-18-02-CHRONOS-Warm-Evening.md
2026-07-07,AL-07.07-10-04-SOURCE-Gogol-Kupala,SOURCE,"Contemporary editorial still life for a culture magazine: an old literary journal open on a dark desk, a small bundle of midsummer herbs, one unlit candle, shallow depth of field, archival-documentary mood, no text, no logos, shot on 35mm film Kodak Portra 800",02_CONTENT/2026/07/07/AL-07.07-10-04-SOURCE-Gogol-Kupala.md
2026-07-07,AL-07.07-15-04-PATISSERIE-Makowiec,PATISSERIE,"Contemporary food magazine editorial photo: sliced makowiec poppy seed roll on a cool stone surface, sharp black poppy spiral inside pale yeast dough, scattered poppy seeds, restrained styling, side window light, no text, no logos, shot on 35mm film Kodak Portra 800",02_CONTENT/2026/07/07/AL-07.07-15-04-PATISSERIE-Makowiec.md
2026-07-07,AL-07.07-18-02-CALENDAR-Kupala-Several-Calendars,CALENDAR,"Contemporary editorial still life for a culture magazine: shallow bowl of water, loose midsummer herbs, one woven wreath, one unlit candle on a plain table at blue evening light, no people, no text, no logos, shot on 35mm film Kodak Portra 800",02_CONTENT/2026/07/07/AL-07.07-18-02-CALENDAR-Kupala-Several-Calendars.md
2026-07-08,AL-08.07-10-04-OMENS-Fireweed-Hay,OMENS,"Contemporary documentary magazine photo: tall fireweed flowers at the edge of a dry hay field in early July morning light, cut grass blurred in the background, close editorial crop, no people, no text, no logos, shot on 35mm film Kodak Portra 800",02_CONTENT/2026/07/08/AL-08.07-10-04-OMENS-Fireweed-Hay.md
2026-07-08,AL-08.07-15-04-RECIPE-Pectin-vs-Gelatin,RECIPE,"Contemporary food magazine macro photo: berry tart with thin glossy pectin glaze over fresh berries, one clean slice showing crust, cream, berries, and glaze layers, cool side window light, restrained styling, no text, no logos, shot on 35mm film Kodak Portra 800",02_CONTENT/2026/07/08/AL-08.07-15-04-RECIPE-Pectin-vs-Gelatin.md
2026-07-08,AL-08.07-18-02-CHRONOS-After-Kupala-Air,CHRONOS,"Contemporary documentary landscape photo for a seasonal magazine: narrow path through tall early July grass, faint dry dust line, low morning light, tactile close crop, no people, no text, no logos, shot on 35mm film Kodak Portra 800",02_CONTENT/2026/07/08/AL-08.07-18-02-CHRONOS-After-Kupala-Air.md
2026-07-09,AL-09.07-10-04-SOURCE-Sei-Shonagon-Lists,SOURCE,"Contemporary editorial still life for a literary magazine: loose cream paper sheets beside a dark lacquer writing box, a small metal mirror with a softly clouded surface, one folded summer-green textile, clean asymmetrical composition, no people, no text, no logos, shot on 35mm film Kodak Portra 800",02_CONTENT/2026/07/09/AL-09.07-10-04-SOURCE-Sei-Shonagon-Lists.md
2026-07-09,AL-09.07-15-04-PATISSERIE-Fresh-Raspberry-Tart,PATISSERIE,"Contemporary food magazine editorial photo: fresh raspberry tart with a clean crisp sweet pastry shell, pale vanilla cream, intact matte raspberries arranged without excess decoration, one precise slice removed, cool side light, restrained styling, no people, no text, no logos, shot on 35mm film Kodak Portra 800",02_CONTENT/2026/07/09/AL-09.07-15-04-PATISSERIE-Fresh-Raspberry-Tart.md
2026-07-09,AL-09.07-18-02-CHRONOS-Earth-Smell-Needs-Impact,CHRONOS,"Contemporary documentary macro photo for a science magazine: first small water drops striking dry porous soil in a clean flowerpot, darkened wet circles against pale dust, crisp side light, tactile evidence, no people, no text, no logos, shot on 35mm film Kodak Portra 800",02_CONTENT/2026/07/09/AL-09.07-18-02-CHRONOS-Earth-Smell-Needs-Impact.md
2026-07-10,AL-10.07-10-04-DIVINATION-Zodiac-Circle,DIVINATION,"A worn old ephemeris table partly covered by a plain brass circle tool on a dark wooden table, documentary close crop, one side light, tactile paper texture, no text, no zodiac poster, plain natural light, no logos, shot on 35mm film Kodak Portra 800",02_CONTENT/2026/07/10/AL-10.07-10-04-DIVINATION-Zodiac-Circle.md
2026-07-10,AL-10.07-15-04-BREAD-Pao-de-Queijo,BREAD,"Contemporary food magazine close-up of warm pao de queijo cheese bread balls, one torn open showing elastic moist crumb, matte pale golden shells on a dark ceramic plate, soft side light, restrained styling, no people, no text, no logos, shot on 35mm film Kodak Portra 800",02_CONTENT/2026/07/10/AL-10.07-15-04-BREAD-Pao-de-Queijo.md
2026-07-10,AL-10.07-18-02-CHRONOS-Pine-Resin-Heat,CHRONOS,"Contemporary documentary close-up of sun-warmed pine bark with a small bead of amber resin, dry needles and pale dust at the base of the trunk, late afternoon side light, tactile natural texture, no people, no text, no logos, shot on 35mm film Kodak Portra 800",02_CONTENT/2026/07/10/AL-10.07-18-02-CHRONOS-Pine-Resin-Heat.md
2026-07-11,AL-11.07-10-04-LORE-Raven-Steals-Sun,LORE,"Editorial magazine still life for Raven stealing daylight, a glossy black feather beside a small brass sphere on a dark wooden surface, sharp analog flash shadow, one white beam crossing the frame, no bird face, no text, no logos, shot on 35mm film Kodak Portra 800",02_CONTENT/2026/07/11/AL-11.07-10-04-LORE-Raven-Steals-Sun.md
2026-07-11,AL-11.07-15-04-CAKES-Victoria-vs-American-Layer,CAKES,"Modern food editorial close-up of two cake slices side by side, one simple Victoria sponge with thin berry jam line and one taller frosted layer cake with visible cream bands, dark ceramic plates, soft side window light, restrained styling, no text, no logos, shot on 35mm film Kodak Portra 800",02_CONTENT/2026/07/11/AL-11.07-15-04-CAKES-Victoria-vs-American-Layer.md
2026-07-11,AL-11.07-18-02-HERITAGE-Haymaking-Songs,HERITAGE,"Documentary editorial close crop of a worn scythe blade, a sharpening stone and cut summer grass on rough linen, late afternoon side light, traces of field dust, restrained composition, no people, no text, no logos, shot on 35mm film Kodak Portra 800",02_CONTENT/2026/07/11/AL-11.07-18-02-HERITAGE-Haymaking-Songs.md
2026-07-12,AL-12.07-10-04-PROSE-Basho-Hiraizumi,PROSE,"Archival editorial still life of an old travel journal opened beside a pressed blade of summer grass on dark wood, one warm reading lamp, deep shadow, no text, no logos, shot on 35mm film Kodak Portra 800",02_CONTENT/2026/07/12/AL-12.07-10-04-PROSE-Basho-Hiraizumi.md
2026-07-12,AL-12.07-15-04-DRINKS-Mugicha,DRINKS,"Modern food editorial close-up of cold mugicha in a clear glass pitcher and one simple tumbler, roasted barley grains scattered on dark linen, condensation on glass, soft side window light, restrained summer styling, no text, no logos, shot on 35mm film Kodak Portra 800",02_CONTENT/2026/07/12/AL-12.07-15-04-DRINKS-Mugicha.md
2026-07-12,AL-12.07-18-02-CALENDAR-Mid-July-Memory-Map,CALENDAR,"Documentary editorial still life of five calendar cards with no readable text, a small unlit lantern, a folded dark cloth, a plain metal pin and a grey moon-like stone on a matte table, controlled side light, restrained composition, no text, no logos, shot on 35mm film Kodak Portra 800",02_CONTENT/2026/07/12/AL-12.07-18-02-CALENDAR-Mid-July-Memory-Map.md
2026-07-13,AL-13.07-10-04-LORE-Baldr-Mistletoe,LORE,"Editorial magazine still life for Baldr's mistletoe, a small green mistletoe sprig pinned beside a blunt wooden dart on a black studio surface, hard side flash, sharp shadow, one pale gold accent, no people, no text, no logos, shot on 35mm film Kodak Portra 800",02_CONTENT/2026/07/13/AL-13.07-10-04-LORE-Baldr-Mistletoe.md
2026-07-13,AL-13.07-15-04-CAKES-Strawberry-Victoria-Sponge,CAKES,"Modern food editorial close-up of a strawberry Victoria sponge slice, two even sponge layers with a thin red jam line and pale cream, a few fresh strawberries at the edge, dark ceramic plate, soft side window light, visible crumb texture, restrained styling, no text, no logos, shot on 35mm film Kodak Portra 800",02_CONTENT/2026/07/13/AL-13.07-15-04-CAKES-Strawberry-Victoria-Sponge.md
2026-07-13,AL-13.07-18-02-CHRONOS-Light-After-Solstice,CHRONOS,"Atmospheric documentary close crop of late summer evening light cutting across a plain wall and wooden table edge, long soft shadow, warm neutral color, quiet domestic surface, no people, no text, no logos, shot on 35mm film Kodak Portra 800",02_CONTENT/2026/07/13/AL-13.07-18-02-CHRONOS-Light-After-Solstice.md
2026-07-14,AL-14.07-10-04-SOURCE-Chekhov-Steppe,SOURCE,"Contemporary editorial still life for a literary magazine, an old Russian book opened beside dry steppe grass and a small dusted travel notebook on a dark desk, one hard side light, archival texture, no readable text, no people, no text, no logos, shot on 35mm film Kodak Portra 800",02_CONTENT/2026/07/14/AL-14.07-10-04-SOURCE-Chekhov-Steppe.md
2026-07-14,AL-14.07-15-04-PATISSERIE-Tarte-Aux-Abricots,PATISSERIE,"Professional food editorial close-up of a French apricot tart on dark slate, crisp golden pastry edge, almond frangipane visible under glossy baked apricot halves, small brush stroke of apricot glaze, dramatic directional side light, precise texture detail, no text, no logos, shot on 35mm film Kodak Portra 800",02_CONTENT/2026/07/14/AL-14.07-15-04-PATISSERIE-Tarte-Aux-Abricots.md
2026-07-14,AL-14.07-18-02-MODERN-Bastille-Day,MODERN,"Documentary editorial still life of a torn tricolor ribbon, a small brass parade button and a grey stone fragment on a matte dark table, controlled side light, civic ritual evidence photo, no flags waving, no people, no text, no logos, shot on 35mm film Kodak Portra 800",02_CONTENT/2026/07/14/AL-14.07-18-02-MODERN-Bastille-Day.md
2026-07-15,AL-15.07-10-04-OMENS-Cuckoo-Silent,OMENS,"Contemporary documentary magazine photo of an empty midsummer woodland edge after rain, a single bare branch in focus, distant meadow and soft grey sky, quiet field-note atmosphere, no people, no text, no logos, shot on 35mm film Kodak Portra 800",02_CONTENT/2026/07/15/AL-15.07-10-04-OMENS-Cuckoo-Silent.md
2026-07-15,AL-15.07-15-04-FERMENT-Dosa-Batter,FERMENT,"Contemporary food magazine close-up of fermented dosa batter in a clear glass bowl, tiny bubbles on the pale surface, soaked rice and urad dal nearby, steel spoon, warm kitchen counter, precise editorial crop, no text, no logos, shot on 35mm film Kodak Portra 800",02_CONTENT/2026/07/15/AL-15.07-15-04-FERMENT-Dosa-Batter.md
2026-07-15,AL-15.07-18-02-CYCLES-72ko-Lotus-Falcon,CYCLES,"Contemporary editorial still life of a pale lotus bud opening beside dark pond water, one small grey feather on a wet stone, restrained natural light, clean magazine composition, no people, no text, no logos, shot on 35mm film Kodak Portra 800",02_CONTENT/2026/07/15/AL-15.07-18-02-CYCLES-72ko-Lotus-Falcon.md
2026-07-16,AL-16.07-10-04-SOURCE-Platonov-Arthel,SOURCE,"Contemporary literary magazine still life, a worn Russian book opened beside a blank work ledger and a graphite pencil on rough concrete, hard morning side light, archival paper texture, no readable text, no people, no text, no logos, shot on 35mm film Kodak Portra 800",02_CONTENT/2026/07/16/AL-16.07-10-04-SOURCE-Platonov-Arthel.md
2026-07-16,AL-16.07-15-04-CAKES-Black-Forest-Cherry,CAKES,"Contemporary food magazine close-up of a Black Forest cake slice, dark chocolate sponge layers, white whipped cream, sour cherries leaving a clean red line, fine chocolate shavings, cool July window light, precise editorial crop, no text, no logos, shot on 35mm film Kodak Portra 800",02_CONTENT/2026/07/16/AL-16.07-15-04-CAKES-Black-Forest-Cherry.md
2026-07-16,AL-16.07-18-02-CHRONOS-Evening-Light-Loss,CHRONOS,"Contemporary documentary close crop of evening sunlight sliding lower across a plain wall and wooden table edge, long soft shadow, quiet northern summer room, neutral warm color, no people, no text, no logos, shot on 35mm film Kodak Portra 800",02_CONTENT/2026/07/16/AL-16.07-18-02-CHRONOS-Evening-Light-Loss.md
2026-07-17,AL-17.07-09-04-PERSONAE-Maui-Sun,PERSONAE,"Contemporary fashion editorial still life for Māui as culture hero, braided flax rope coiled beside a dark volcanic stone, a polished bone hook shape, harsh sunrise side light, wet black sand surface, one gold accent, no people, no text, no readable text, no logos, shot on 35mm film Kodak Portra 800",02_CONTENT/2026/07/17/AL-17.07-09-04-PERSONAE-Maui-Sun.md
2026-07-17,AL-17.07-15-04-FLATBREAD-Chapati,FLATBREAD,"Contemporary documentary food magazine close-up of chapati on a dark iron tawa, brown blistered spots, edge lifting with steam, small bowl of atta flour nearby, tactile kitchen surface, no people faces, no text, no logos, shot on 35mm film Kodak Portra 800",02_CONTENT/2026/07/17/AL-17.07-15-04-FLATBREAD-Chapati.md
2026-07-17,AL-17.07-21-04-CYCLES-72ko-Hawks,CYCLES,"Contemporary editorial still life of a single grey hawk feather on a wet dark stone, shallow pond water reflecting summer light, a closed lotus stem at edge of frame, precise magazine crop, no birds, no people, no text, no logos, shot on 35mm film Kodak Portra 800",02_CONTENT/2026/07/17/AL-17.07-21-04-CYCLES-72ko-Hawks.md
2026-07-18,AL-18.07-09-04-BESTIARY-Dragon-Boundary,BESTIARY,"Contemporary fashion magazine still life for a dragon as boundary creature, dark lacquered scale texture, one bronze claw-like object, shallow black water, a small broken gold cup half submerged, hard side flash, no creature body, no people, no text, no logos, shot on 35mm film Kodak Portra 800",02_CONTENT/2026/07/18/AL-18.07-09-04-BESTIARY-Dragon-Boundary.md
2026-07-18,AL-18.07-15-04-PRESERVE-Salted-Lemons,PRESERVE,"Contemporary food magazine close-up of preserved lemons pressed in a clear glass jar, coarse salt crystals, cloudy golden brine, softened citrus peel against dark stone, sharp kitchen side light, tactile imperfect surface, no hands, no text, no logos, shot on 35mm film Kodak Portra 800",02_CONTENT/2026/07/18/AL-18.07-15-04-PRESERVE-Salted-Lemons.md
2026-07-18,AL-18.07-21-04-FEAST-Mandela-Day-Table,FEAST,"Contemporary documentary magazine still life of a public service table after a community meal, stacked plain bowls, folded paper food parcels, metal ladle, blank tags turned away, warm overhead light, no visible faces, no text, no readable text, no logos, shot on 35mm film Kodak Portra 800",02_CONTENT/2026/07/18/AL-18.07-21-04-FEAST-Mandela-Day-Table.md
2026-07-19,AL-19.07-09-04-OBJECTS-Key-Threshold,OBJECTS,"Contemporary editorial still life of an old brass key on dark velvet beside a closed black lacquer box, one red fingerprint-like stain on metal, hard analog flash, sharp shadow, no hands, no text, no logos, shot on 35mm film Kodak Portra 800",02_CONTENT/2026/07/19/AL-19.07-09-04-OBJECTS-Key-Threshold.md
2026-07-19,AL-19.07-15-04-SOUP-Tom-Yum,SOUP,"Contemporary food magazine close-up of clear tom yum broth in a dark ceramic bowl, lemongrass stalks, galangal slices, makrut lime leaves, chili oil droplets on the surface, steam caught in side light, no hands, no text, no logos, shot on 35mm film Kodak Portra 800",02_CONTENT/2026/07/19/AL-19.07-15-04-SOUP-Tom-Yum.md
2026-07-19,AL-19.07-21-04-RITES-Wedding-Anniversary-Materials,RITES,"Contemporary editorial still life of wedding anniversary materials arranged as evidence, folded paper, small wood block, dull silver ring, warm gold thread, dark table, analog flash, precise shadows, no couple, no hands, no text, no logos, shot on 35mm film Kodak Portra 800",02_CONTENT/2026/07/19/AL-19.07-21-04-RITES-Wedding-Anniversary-Materials.md
2026-07-20,AL-20.07-09-04-ETYMON-Moon-Month-Measure,ETYMON,"Contemporary editorial still life of a brushed metal lunar disc beside a mechanical calendar wheel, one engraved measurement line, black stone surface, hard analog side light, precise shadow, no spacecraft, no people, no text, no logos, shot on 35mm film Kodak Portra 800",02_CONTENT/2026/07/20/AL-20.07-09-04-ETYMON-Moon-Month-Measure.md
2026-07-20,AL-20.07-15-04-CONDIMENTS-Toum-Emulsion,CONDIMENTS,"Contemporary food science magazine close-up of bright white toum holding a sharp soft peak in a stainless steel bowl, garlic cloves, a thin broken ribbon of oil at the edge as failure evidence, hard kitchen side light, no hands, no text, no logos, shot on 35mm film Kodak Portra 800",02_CONTENT/2026/07/20/AL-20.07-15-04-CONDIMENTS-Toum-Emulsion.md
2026-07-20,AL-20.07-21-04-MODERN-Apollo-11-2017-UTC,MODERN,"Contemporary documentary magazine still life of a lunar boot sole impression pressed into fine grey dust beside a mission timer frozen at 20:17, brushed aluminum edge, stark directional light, evidence-photo crop, no astronaut, no flag, no text, no logos, shot on 35mm film Kodak Portra 800",02_CONTENT/2026/07/20/AL-20.07-21-04-MODERN-Apollo-11-2017-UTC.md
2026-07-21,AL-21.07-09-04-LORE-Artemis-Absent,LORE,"Contemporary archaeological editorial still life of one heat-cracked white marble temple fragment beside a small silver crescent votive and a field of black ash, sharp red-orange reflected light crossing the stone, cool cobalt background, evidence-table composition, precise material detail, no flames, no ruins panorama, no people, no text, no logos, shot on 35mm film Kodak Portra 800",02_CONTENT/2026/07/21/AL-21.07-09-04-LORE-Artemis-Absent.md
2026-07-21,AL-21.07-15-04-FOODWAYS-Lamington-Drive,FOODWAYS,"Contemporary Australian food editorial overhead of a stainless steel cooling rack filled with precise chocolate-coated lamington cubes, loose white coconut across a vivid green work surface, plain kraft boxes arranged for packing, one pair of metal tongs, crisp midday window light, graphic community-production rhythm, no people, no text, no logos, shot on 35mm film Kodak Portra 800",02_CONTENT/2026/07/21/AL-21.07-15-04-FOODWAYS-Lamington-Drive.md
2026-07-21,AL-21.07-21-04-CALENDAR-State-Birthdays,CALENDAR,"Contemporary editorial evidence table with four distinct state-making objects arranged in a strict grid: a dark ceremonial oath glove, a folded constitutional document with its surface hidden, a broken wax seal, and a polished republic medallion without symbols, white stone surface, alternating warm and cool hard light, restrained red and green accents, high-detail magazine photography, no flags, no people, no text, no logos, shot on 35mm film Kodak Portra 800",02_CONTENT/2026/07/21/AL-21.07-21-04-CALENDAR-State-Birthdays.md
